,pbfi,lrp,perm_km,feature,cloc_raw,rampart_raw,impacc
0,0.001124074609906666,0.008003929243799198,0.0,0,-0.00015732876,0.0,0.0
1,0.0003078209343858778,0.0004361401683653107,0.0,1,-0.00019609042,0.0,0.0
2,0.0008366685103712825,0.0012470279947551048,0.00014285714285714287,2,3.5834312e-06,0.0,0.0
3,0.00060253785052936,0.0028337166118340413,0.0,3,-0.00046465866,0.0,0.0
4,0.0009087504192320593,0.0007412606018065659,0.0,4,0.0007263547,0.0,0.0
5,0.0015874052380657926,0.0025809175687641255,0.00014285714285714287,5,-6.521429e-05,0.0,0.0
6,0.0005254121464695106,0.00014214423816867903,0.0,6,0.00039919565,0.0,0.0
7,0.0011558942883961544,0.0016144936156658554,0.0005714285714285715,7,-0.00011203204,0.0,0.0
8,0.001110907549317731,0.004579343142806693,0.0,8,0.0009875835,0.0,0.0
9,0.0012535631240117363,0.0015857077487863279,0.0,9,0.0009173479,0.0,0.0
10,0.001354907858149264,0.001538468775537166,0.00028571428571428574,10,-0.00028562112,0.0,0.0
11,0.0005421851943539891,0.00022620592850815092,0.0,11,5.670573e-05,0.0,0.0
12,0.0009910313922616397,0.005226509698020638,0.00028571428571428574,12,-0.00011965871,-0.0016429005190730095,0.0
13,0.0008349614190927846,0.0009892369473999945,0.0,13,-0.0001601868,0.0,0.02912621359223301
14,0.0013423204611677517,0.0016139156885025196,0.0,14,-0.00045537855,0.0,0.0
15,0.0002724138960716608,0.0001932803708517252,0.0,15,0.0001246781,0.0,0.02702702702702703
16,0.001630780002388567,0.009615822141364767,0.0,16,0.00026518916,0.0,0.0
17,0.002778458179095016,0.011900338400404924,0.0,17,0.00021295752,0.0,0.0
18,0.0018253716434135918,0.004562416406376218,0.0004285714285714286,18,0.0005663074,-0.0018029122147709131,0.0
19,0.0013281259791416795,0.002572758069525322,0.0,19,-0.00021136369,0.0,0.0
20,0.00012657974722104587,2.5571308778069082e-05,0.0,20,0.00043328514,0.0,0.1417624521072797
21,0.0009254337642023944,0.00202389390147772,0.0,21,0.00020200721,0.0,0.0
22,0.0030087691596246396,0.009273935845979759,0.0004285714285714286,22,0.0014079494,0.0,0.0
23,0.001173340661139747,0.0008795036199513497,0.0014285714285714286,23,0.00018542059,0.0,0.0
24,0.0005364681907174947,0.00129237718159729,0.00014285714285714287,24,-0.00014437182,0.0,0.0
25,0.0008862816146699848,0.0011803359476858296,0.00014285714285714287,25,0.0005179096,0.0,0.0
26,0.000776900756779501,0.0010621825395822355,0.0,26,-3.500436e-05,0.0,0.0
27,0.0008225400976557571,0.0016960502919432477,0.0005714285714285715,27,-0.001100218,0.0,0.0
28,0.0012725453317240219,0.004332654089765717,0.0,28,-0.00039094337,-0.003415981773287058,0.0
29,0.000815133873470578,0.0007571712081908846,0.0,29,-0.0002870788,0.0,0.0
30,0.0007135026837584241,0.0013480909164267638,0.00028571428571428574,30,-0.0003234148,0.0,0.0
31,0.001287536487392511,0.007111839371203931,0.0,31,-0.0006383992,0.0,0.0
32,0.0003435286899320637,0.00019728259622994198,0.0,32,-0.00031950773,-0.0007959008798934519,0.0
33,0.0010828983528268265,0.0011312422144175536,0.0,33,-0.00033034512,0.0,0.0
34,0.0013480732062638723,0.0005725588323531847,0.0,34,-0.0011140293,0.0,0.0
35,0.001269371443540539,0.0006138030051732304,0.0,35,-0.00022123805,0.0,0.0
36,0.0005018164381339778,0.0004580331020368425,0.0,36,-0.0014332331,0.0,0.0
37,0.0029451598394423517,0.004192084114848375,0.0,37,0.00018606713,-0.0018981116591021419,0.0
38,0.0018057048761488568,0.006045991222711803,0.00014285714285714287,38,-0.0004024571,0.0,0.0
39,0.0010740294647067494,0.0015801033472162634,0.0,39,0.0004232301,0.0,0.0
40,0.0018407036817979948,0.0041238645854250015,0.0,40,0.0003010223,-0.0010461752535775304,0.0
41,0.001895590572349488,0.009086075175814862,0.0,41,0.00014392061,0.0,0.0
42,0.0014454834693002042,0.0038762965737989814,0.0,42,-0.0007585162,0.0,0.0
43,0.00035234611966401445,0.00010656773865939779,0.0,43,-0.0012222017,0.0,0.0
44,0.001482105775452558,0.012660000179486973,0.0,44,0.0002685826,-0.0025361215230077505,0.0
45,0.001528119237437963,0.0005681733458846728,0.0,45,-0.00044092824,0.0,0.03361344537815126
46,0.0005342060590195575,0.0007741814745549844,0.0,46,-0.0007788033,0.0,0.0825242718446602
47,0.0006449424728877532,0.0013404771515398196,0.0,47,-0.000596701,0.0,0.0
48,0.002362517932279597,0.0007405968383904271,0.0,48,0.00019914984,0.0,0.0
49,0.0020726472437228565,0.030604002099499934,0.0,49,0.001546037,0.0019185569835826755,0.011627906976744186
50,0.0009701101230483636,0.00165621039035681,0.0004285714285714286,50,-0.00043234238,0.0,0.0
51,0.0015835304912928973,0.0068340165893997894,0.00028571428571428574,51,2.9046962e-05,-0.000529079174157232,0.0
52,0.002049981104391836,0.0021744110812623656,0.0014285714285714286,52,0.00041110822,0.0,0.0
53,0.0014517835127732064,0.0006917069745955054,0.0004285714285714286,53,0.0005256571,-0.002218379406258464,0.0
54,0.0021646629912111777,0.010044280296447921,0.0,54,-0.0001565539,0.0,0.0
55,0.0024501049985816634,0.020591854468465176,0.0004285714285714286,55,-0.00019403569,0.0,0.0
56,0.0009459933112167825,0.0016019728906449934,0.00014285714285714287,56,0.0004359213,0.0,0.03389830508474576
57,0.0008972302599065514,0.005045263403997014,0.00028571428571428574,57,-0.00023166402,0.0,0.0
58,0.001519130900661285,0.0034951076620748363,0.0,58,9.6409065e-05,0.0,0.0
59,0.0008310822482955707,0.0005883131997544133,0.0,59,-0.00035123646,0.0,0.0
60,0.0006751441809044241,0.0004516705988837926,0.00028571428571428574,60,0.00013253442,0.0,0.0
61,0.0008012677588284656,0.0007403920411051834,0.0004285714285714286,61,-0.00029543767,0.0,0.0
62,0.0008054176100609594,0.0010477955654107692,0.0,62,0.00015833318,0.0,0.0
63,0.0011141983248805778,0.0012289533639571735,0.0,63,-7.605229e-05,0.0,0.0
64,0.0017261080634528648,0.0033516211532710815,0.0,64,-1.9834553e-05,0.0,0.0
65,0.0019402020843126827,0.013462925784816898,0.0008571428571428572,65,0.00160817,0.0026858022902160883,0.0
66,0.0014466882009751612,0.010216109837421642,0.00028571428571428574,66,8.164388e-06,0.0,0.0
67,0.000644630520962449,0.0007583845434472867,0.00014285714285714287,67,-0.0006010498,0.0,0.0
68,0.002672879304419557,0.027742204714951143,0.00028571428571428574,68,0.001600236,0.0031606326811015606,0.0
69,0.0011288995905345091,0.001790775568169191,0.0,69,0.00041929228,0.0,0.0
70,0.002019726599137574,0.030565868973397272,0.00028571428571428574,70,0.001741506,0.0011792416917160153,0.03636363636363636
71,0.0013333133804985663,0.0064114720151041875,0.0,71,0.0011984924,0.001222059945575893,0.0
72,0.001975748304760395,0.0031975363746819937,0.0,72,-0.00021048503,0.0,0.0
73,0.0007344206931643074,0.0007082671150670197,0.0,73,0.0008595941,0.0,0.0
74,0.0012710447725281847,0.004225618124413668,0.00014285714285714287,74,0.0003623942,0.0,0.0
75,0.0010187405700507308,0.00030805973544187413,0.0,75,-4.558316e-05,0.0011010805610567331,0.08333333333333333
76,0.0014637114972878692,0.0002831355920930534,0.0,76,-0.0003440221,0.0,0.045454545454545456
77,0.0007617689054955126,0.0007301073951797395,0.0,77,-0.0009185236,0.0,0.0
78,0.0010164251754284323,0.0017648284789116868,0.0,78,4.0719082e-05,0.0,0.0
79,0.000597022954951208,0.000300759069621676,0.00014285714285714287,79,-0.00024105336,-0.00522267073392868,0.0
80,0.0023805339563650494,0.003679612349380192,0.0,80,0.00053957803,0.0,0.0
81,0.0009314254648225631,0.0016191854828855427,0.0,81,-0.00064543163,0.0,0.0
82,0.0021318518655875636,0.0010962302641395578,0.0,82,-8.044286e-05,0.0,0.0
83,0.0014871894450813438,0.0007961415916991044,0.0005714285714285715,83,-0.00012884948,0.0,0.0
84,0.0014295806153570155,0.004791744983976469,0.0004285714285714286,84,-8.5755244e-05,0.0,0.0
85,0.0009640392556772315,0.0009408848266767706,0.0005714285714285715,85,-0.00053462404,0.0,0.0
86,0.002514053105889398,0.0016541793618817494,0.0004285714285714286,86,-0.00029781187,0.0,0.0
87,0.0006452054112804754,0.00489702475084862,0.0,87,-2.432372e-05,0.0,0.0
88,0.0011707316510087278,0.000936805803961463,0.0,88,-0.000207952,0.0,0.0
89,0.0004159878923931127,0.00039746420642620137,0.0,89,-0.0005961412,0.0,0.0
90,0.0008025115499812878,0.000967524328614085,0.0,90,0.00028416462,0.0,0.0
91,0.0015769404413836445,0.0028144168852127895,0.001,91,-0.00029692327,0.0,0.0
92,0.000631521321954733,0.000652492645088764,0.0,92,5.240781e-06,0.0,0.0
93,0.0009404919787658175,0.0014564563402437545,0.0,93,8.292683e-05,0.0,0.0
94,0.0015191072670576885,0.0017589190391597898,0.0,94,-0.0005537143,0.0,0.0
95,0.0005938547132198159,0.0007354548326415701,0.0012857142857142856,95,0.0002843644,0.0,0.0
96,0.0010675055423188897,0.0007453353104073273,0.0008571428571428572,96,-0.00011101135,0.0,0.0
97,0.0012965774467742412,0.0004400465188380946,0.0,97,-9.868375e-05,0.0,0.0
98,0.0008319211248015528,0.0020841367640719757,0.00014285714285714287,98,-0.00061410136,0.0,0.0
99,0.0015550044989085703,0.0031017218269874464,0.0,99,0.00070105935,0.0,0.0
100,0.0018532003862809765,0.004707838914330784,0.0004285714285714286,100,0.0013164367,0.0,0.0
101,0.0019898923761935746,0.0018602418901381202,0.0,101,-0.00033425758,0.0,0.0
102,0.00235020144857675,0.012150199734390783,0.0,102,6.180133e-05,0.002281519118696451,0.0
103,0.0007278096873503879,0.0012430442219253687,0.0,103,-0.0004905669,0.0,0.0
104,0.0006571150011677085,0.0036427671962840887,0.00014285714285714287,104,-2.6616965e-05,0.0,0.0
105,0.0006016720224015425,0.0036725427598313055,0.00014285714285714287,105,-0.00030033928,0.0,0.0
106,0.0008763839662633056,0.0006825588663166723,0.00014285714285714287,106,-0.0004929385,-0.0010055863531306386,0.0
107,0.0005076291986126302,0.0005040009714889817,0.0,107,0.0003468847,0.0,0.0
108,0.0012450840157184622,0.003931493270946782,0.0,108,-3.564213e-05,0.0,0.0
109,0.0008185755897578721,0.00020992882541979774,0.0,109,-0.00026012573,0.0,0.06666666666666667
110,0.00042891719078034867,0.00042783261031477496,0.0,110,-0.0011657447,0.0,0.0
111,0.0020115088575441724,0.00436923507091133,0.0,111,0.00053717016,0.0,0.0
112,0.0015373398354913649,0.006984855546571968,0.001,112,-0.0011967191,0.0,0.0
113,0.0010699065068852447,0.0014035208535617604,0.0005714285714285715,113,-0.00016907045,0.0,0.0
114,0.001231247413975422,0.005684215590689339,0.0,114,-0.00024907835,0.0,0.0
115,0.0009482866439283347,0.0018999587205325039,0.0,115,0.00042880766,0.0,0.0
116,0.0005327177241014427,0.0002733901999283278,0.0,116,-6.823855e-05,0.0,0.0
117,0.0008032744031220065,0.00029018377630512886,0.0014285714285714286,117,-0.00016485878,0.0,0.0
118,0.0007325857708673419,0.00034214399655305085,0.0,118,-0.00040820488,0.0,0.0
119,0.0010836549774069914,0.0027733251941234947,0.0,119,8.68507e-05,0.0,0.0
120,0.0007575957117136538,0.0006550331061890033,0.0004285714285714286,120,-0.00023891339,0.0,0.0
121,0.0007422375366592637,0.0011263227328385985,0.0,121,-0.00010958935,0.0,0.0
122,0.002428208639482071,0.004200290337026043,0.00014285714285714287,122,0.0004637485,0.0,0.0
123,0.0007952087664699779,0.0006902493368941212,0.0,123,8.7516564e-05,0.0,0.030303030303030304
124,0.0009269670378938503,0.0030117371522679756,0.0014285714285714286,124,-5.6266443e-05,0.0,0.0
125,0.0015893970968043742,0.004947590669035095,0.0007142857142857143,125,0.00041254555,0.0,0.0
126,0.0021212987048407368,0.0036647319877728384,0.0,126,9.122806e-05,0.0,0.0
127,0.001092849031314482,0.0021341116723162116,0.00028571428571428574,127,0.000440752,0.0,0.0
128,0.0011382183320747675,0.003156903636379321,0.00014285714285714287,128,-0.00039190054,0.0,0.0
129,0.001195550194592416,0.0014167585860613513,0.0014285714285714286,129,-4.947143e-05,0.0,0.0
130,0.0045353076233205685,0.0011838754673310764,0.0,130,-0.00021548253,0.0,0.0
131,0.0002870475789330419,4.578570545815876e-05,0.0,131,-0.00039504265,0.0,0.0
132,0.0006675401562635286,0.0011342104443295433,0.0,132,2.461757e-05,0.0,0.0
133,0.0010840908602240613,0.000401706653865795,0.00014285714285714287,133,-4.3028336e-05,0.0,0.0
134,0.00039933790223770554,0.00017208731878986015,0.0,134,-7.426858e-05,0.0,0.0
135,0.0012756253840232744,0.0004818254205854168,0.0,135,2.9024312e-05,0.0,0.0
136,0.0020526022223788854,0.0013038732398598244,0.0,136,-0.000968875,0.0,0.0
137,0.0008940870488390669,0.0007267554311952511,0.0,137,-7.713735e-05,0.0,0.0
138,0.0011734870032073371,0.00426063903093062,0.001142857142857143,138,-0.00051132805,0.0,0.0
139,0.002437174041185308,0.010693595858931147,0.001,139,0.000984802,-0.0010883534559980035,0.0
140,0.00202658523389164,0.0016285047001496267,0.0004285714285714286,140,0.0002954988,0.0,0.0
141,0.0021043407210975737,0.005678376283899523,0.0,141,0.00019181379,0.0,0.0
142,0.00064984190518801,0.0008785785010994019,0.001,142,-0.0008873064,0.0,0.0
143,0.0015469087672490063,0.005457837007676175,0.001142857142857143,143,0.00030400575,0.0,0.0
144,0.0012522491887891265,0.0016247065053871586,0.0007142857142857143,144,0.00019391299,0.0,0.0
145,0.0006739889284488192,0.0015555930008223082,0.0,145,-0.00015663444,0.0,0.0
146,0.0013975449746277662,0.0002824767546322003,0.0,146,-0.00018621325,0.0,0.0
147,0.0012558161166068048,0.0024234856889706127,0.0,147,0.00042427573,0.0,0.0
148,0.0015243500851402497,0.0005165219203512345,0.0,148,-0.00010350738,0.0,0.0
149,0.00068581649925362,0.0018363311396031102,0.0,149,0.00017203084,0.0,0.0
150,0.0020602017647846156,0.002091562857449872,0.00014285714285714287,150,0.0005100616,0.0,0.0
151,0.0003206536027682612,0.0010848198128847455,0.0,151,-0.00019905814,0.0,0.2661596958174905
152,0.001760654337982892,0.001411855834123431,0.00014285714285714287,152,-0.00015857637,0.0,0.0
153,0.001243355502848527,0.0035297180012652933,0.00014285714285714287,153,0.00028690303,0.0,0.0
154,0.0015255446881279513,0.0024605044188445242,0.0,154,0.0009956717,0.0,0.0
155,0.0007354335618898705,0.00019005482903695418,0.00028571428571428574,155,-0.00046000327,0.0,0.0
156,0.00041005836095678896,0.0006052848900512185,0.002857142857142857,156,-0.00033670382,0.0,0.0
157,0.0005857030409369608,0.0004766982049901925,0.0,157,-0.0010730533,0.0,0.0
158,0.002060695392761212,0.0046037858683949905,0.0,158,0.0004968498,0.0,0.0
159,0.000994290733967486,0.0015773627795380054,0.00028571428571428574,159,0.00067560043,0.0,0.0
160,0.0017371836083343584,0.004512202090178675,0.0,160,-0.00042852265,0.0,0.0
161,0.0010109014318016429,0.00787217568601514,0.0,161,-9.1642396e-05,0.0,0.0
162,0.0014198546307360653,0.005899551746766064,0.0,162,0.0008407756,0.0,0.0
163,0.0006577552040552799,0.0007729165676910839,0.0,163,2.1748883e-06,0.0,0.0
164,0.0010695568925423865,0.0033606870008856767,0.001142857142857143,164,-0.0005166235,0.0,0.0
165,0.0025315850485770467,0.002796466007215894,0.0,165,0.0003948038,0.0018372978083789349,0.0
166,0.0008115901135697256,0.0003910953888088703,0.001,166,0.0001257343,0.0,0.0
167,0.0008153372039566924,0.0012929806263132515,0.0,167,0.0003976965,0.0,0.18861209964412812
168,0.002185847548082254,0.0003519239953518225,0.0,168,-0.00013532213,0.0,0.0
169,0.0005978444264141474,0.000811077784257004,0.0,169,7.1278555e-05,0.0,0.0
170,0.0016269479823768534,0.0006131912490589069,0.00014285714285714287,170,-0.0005541365,0.0,0.0
171,0.0020536905323612488,0.0030729125163404605,0.00014285714285714287,171,0.00026953127,0.0,0.0
172,0.0006754351769250614,0.00033527223695844344,0.0004285714285714286,172,-0.00048437263,0.0,0.0
173,0.0014085249372996404,0.00045783277786997945,0.0,173,-0.00036871867,0.0,0.0
174,0.0013756706192280738,0.00613228205337187,0.00014285714285714287,174,0.0012718599,-7.944175013108179e-05,0.0
175,0.0022727237435293444,0.003054568596193273,0.0,175,-0.0014659473,0.0,0.0
176,0.0008802754777599346,0.0012021323362765627,0.0,176,0.0008958337,0.0,0.18681318681318682
177,0.0025057121901452322,0.005677278916081117,0.0008571428571428572,177,9.499201e-05,0.0,0.0
178,0.0019512360666499205,0.002925552301920132,0.0,178,0.00011519083,0.0,0.08333333333333333
179,0.0005949323124064609,0.0007426967534905674,0.0,179,-0.00013939006,0.0,0.0
180,0.001178816671872573,0.001127808600101769,0.0,180,-2.1589229e-05,0.0,0.0
181,0.0018420419491543567,0.003912139519338491,0.00014285714285714287,181,0.0005827397,0.0,0.0
182,0.0012015055134336492,0.0011938571141898102,0.001142857142857143,182,0.000142255,0.0,0.0
183,0.0015581431113191975,0.007624465522220447,0.00014285714285714287,183,0.0012656214,0.00020853246678598225,0.0
184,0.0011071293161279954,0.006773264184264431,0.0004285714285714286,184,0.00011239392,0.0,0.0
185,0.0011126650511891218,0.0034321405249443434,0.00014285714285714287,185,-0.0007693857,0.0,0.0
186,0.0017651080498330548,0.0024085056439405155,0.0,186,4.4976558e-05,-0.0037382906302809715,0.0
187,0.000834423958348927,0.004953838304417566,0.0,187,0.00020716139,0.0,0.023529411764705882
188,0.0024364696899451172,0.0028649078783500037,0.0,188,0.0006515582,0.001562044257298112,0.0
189,0.0008942430539071422,0.005827134325213686,0.00014285714285714287,189,0.00052496657,0.0,0.0
190,0.0011417120306478044,0.007781691770424376,0.0,190,0.00056170294,0.0,0.0
191,0.0007624699387174641,0.0009983738373477468,0.00028571428571428574,191,-0.00038648606,0.0,0.0
192,0.00053185952159449,0.0012842309322776523,0.0,192,8.72526e-05,0.0,0.0
193,0.002182988929842314,0.005326120496746536,0.00028571428571428574,193,-0.0007336831,0.0,0.0
194,0.0006573366680704064,0.0007954004100992978,0.0,194,-0.00017791348,0.0,0.0
195,0.0006555176955453262,0.0013852633870793168,0.0,195,-0.00011148555,0.0,0.0
196,0.0014589045620223779,0.00138052632504292,0.00028571428571428574,196,-0.00020070995,0.0,0.0
197,0.0023536007291570936,0.0014844246624501933,0.00028571428571428574,197,-0.00019889601,0.0,0.0
198,0.000775707026954494,0.0017743788488736119,0.0,198,-0.00030593056,0.0,0.0
199,0.0012777790689145608,0.003440773358929115,0.0,199,4.5724682e-05,0.0,0.0
200,0.0017206816483610837,0.0055446875733115636,0.00014285714285714287,200,0.00010535717,0.0,0.0
201,0.0010852861617419182,0.0008267673089164916,0.00014285714285714287,201,5.2145548e-05,0.0,0.0
202,0.0010271153645074413,0.0014394332838794563,0.0,202,-0.00060494425,0.0,0.0
203,0.0013446080310055206,0.002659855539857569,0.0,203,-0.00029756426,0.0,0.0
204,0.0016506912552077485,0.00570176540181579,0.0,204,0.00038192852,0.0,0.0
205,0.0007202935028765542,0.0015707634647635156,0.0,205,0.00029540437,0.0,0.0
206,0.0023359959064898814,0.010133932244162605,0.0,206,0.00075348566,0.0024524980690330267,0.11026615969581749
207,0.0010409560410097219,0.0021469918768271434,0.0,207,-0.00032531636,0.0,0.0
208,0.002906181856762062,0.0020178168200905523,0.0,208,-0.0003141289,0.0,0.0
209,0.0030631003694373844,0.04201652618139466,0.001,209,0.0028475951,0.0036383012775331736,0.045454545454545456
210,0.0015909300212307523,0.0003821275408431915,0.0,210,-0.00018558843,0.0,0.0
211,0.001967726850140706,0.006952095708509689,0.00014285714285714287,211,0.000984958,0.0,0.0
212,0.0004444021199525499,0.0007307867826457291,0.0005714285714285715,212,-0.0002839549,0.0,0.0
213,0.001634171831980585,0.0021406715281717522,0.0,213,-0.00021228731,0.0,0.0
214,0.0018477840998764512,0.004210817637981607,0.0,214,-0.00029104666,0.0,0.0
215,0.0003724787483316623,0.00010854109563954368,0.0,215,-0.00024222178,-1.2844034245063085e-05,0.09134615384615384
216,0.000556414137201069,0.00045464915794544617,0.00014285714285714287,216,0.00031835726,0.0,0.0
217,0.0011515515264190332,0.001504276425143402,0.0,217,-0.0005709972,0.0,0.0
218,0.00077800187314805,0.001585177694764833,0.0,218,0.0002276034,0.0,0.0
219,0.001898595765500403,0.004755942630208853,0.0004285714285714286,219,-0.00032708695,0.0,0.0
220,0.001463816626076281,0.004875668911612212,0.0,220,5.390295e-05,0.0,0.0
221,0.0011044438169449421,0.0017639977060558956,0.0,221,-0.0004992515,0.0,0.0
222,0.002018927946326383,0.007819783540567796,0.0005714285714285715,222,0.00033744812,0.0,0.0
223,0.00034815150429071844,0.00030151612713214996,0.00014285714285714287,223,-5.7208625e-05,0.0,0.05714285714285714
224,0.0012882147601735606,0.009854808382219154,0.00028571428571428574,224,-1.0960017e-05,0.0,0.0
225,0.0009055903270191487,0.0019254242734853023,0.00014285714285714287,225,-0.00045380398,0.0,0.0
226,0.0012347293539575073,0.0013777805917229344,0.0,226,-0.0006614438,0.0,0.0
227,0.000924678594893387,0.0006907988301817366,0.00028571428571428574,227,0.00013326986,0.0,0.0
228,0.0009045757701790431,0.00036193165416057604,0.0014285714285714286,228,-0.00012402756,0.0,0.0
229,0.0007682003308486068,0.0003057194651905264,0.0004285714285714286,229,-0.00038499007,0.0,0.0
230,0.0020619329553534806,0.028557346470308925,0.0008571428571428572,230,0.0013606935,-0.0007359359879046679,0.0
231,0.0026102656225523283,0.04507438573170263,0.0012857142857142856,231,0.0034891637,0.0030387265142053366,0.14285714285714285
232,0.00254400235346568,0.038495422257603544,0.0007142857142857143,232,0.0037486132,0.0025238720700144768,0.14615384615384616
233,0.0010197189779552862,0.002139124192383934,0.0005714285714285715,233,0.00028402772,0.0,0.0
234,0.0015379326547500507,0.005773690029664203,0.00028571428571428574,234,0.0002728561,0.0,0.0
235,0.001092641917123358,0.006429553865998212,0.00014285714285714287,235,-0.00070378184,0.0,0.0
236,0.0030365657701048685,0.047915097162830336,0.001142857142857143,236,0.0034031847,0.0031931789126247168,0.1610738255033557
237,0.0027950645693265467,0.02086544693746009,0.0014285714285714286,237,0.00042687697,0.0016978130443021655,0.0
238,0.0029994845296403114,0.03260586927833708,0.0015714285714285715,238,0.0017586693,0.0024561807513237,0.05791505791505792
239,0.002818659753764463,0.036779609507230915,0.0024285714285714284,239,0.0018381344,0.0015440740389749408,0.05405405405405406
240,0.002570669207840982,0.02582552407936675,0.0017142857142857144,240,0.00027597861,0.0014123775763437152,0.0
241,0.002735482974021222,0.02747274128654929,0.0028571428571428576,241,0.0011270831,0.00037543560029007494,0.0
242,0.0022535525834099794,0.01486934667644296,0.0014285714285714286,242,0.000103068094,-0.0014466429129242897,0.0
243,0.002453053494368285,0.023290024322693784,0.001,243,0.0011485842,0.00108526146505028,0.0125
244,0.002887746481739888,0.01558062856104739,0.0017142857142857144,244,0.00089260424,0.0010001366026699543,0.023255813953488372
245,0.002907646674498273,0.024219142374627134,0.0017142857142857144,245,0.001890656,0.0018155971774831414,0.0
246,0.0008130531267697014,0.0007428691857957589,0.0,246,0.00050365983,0.0,0.0
247,0.0009303338368219605,0.0007341947129189375,0.0,247,0.000972035,0.0,0.0
248,0.0008459952850083296,0.0022931533070099422,0.0,248,0.00011821287,0.0,0.0
249,0.0017270425803793126,0.004510684441905211,0.0,249,3.504719e-05,0.0,0.0
250,0.0013912604152398786,0.004630907041744175,0.00014285714285714287,250,-0.0004610684,0.0,0.0
251,0.001539041105685233,0.002800456072809064,0.00014285714285714287,251,-0.00043866897,0.0,0.0
252,0.0013805043314828616,0.004064611510797842,0.0,252,4.2482105e-05,0.0,0.0
253,0.0010536026966327641,0.001040085645818971,0.0008571428571428572,253,-0.00052981055,0.0,0.0
254,0.0008773160965450551,0.005869788397403327,0.0,254,1.8417835e-06,0.0,0.0
255,0.0010680583125153235,0.0007131447108289934,0.00014285714285714287,255,-0.00024540705,0.0,0.0
256,0.0022581170122897985,0.005838857607588174,0.0,256,0.0005268858,0.0003987624077126384,0.0
257,0.0008525713061036249,0.0011479000055127635,0.0,257,0.00031353816,0.0,0.0
258,0.00017853065731787107,0.0002559957442824787,0.00014285714285714287,258,-8.354034e-05,0.0,0.0
259,0.0011752223849571353,0.0014518931555124505,0.0014285714285714286,259,-0.0006746006,0.0,0.0
260,0.0008048006333010604,0.001052109431410436,0.0,260,0.00059372094,0.0,0.0
261,0.0015134221629649648,0.0017498352002007552,0.0,261,-0.0003368125,0.0,0.0
262,0.0006841849656536153,0.001519657465340714,0.0,262,-3.6687426e-05,0.0,0.0
263,0.0038367991221946412,0.0006903041229560967,0.00014285714285714287,263,-3.8472754e-05,0.0,0.0
264,0.0007206519652680495,0.0020229268987928387,0.0004285714285714286,264,0.00021152454,0.0,0.0
265,0.0015614876737040223,0.005444252104574051,0.0,265,0.00080260576,0.0,0.0
266,0.0009280158809224248,0.00022705790715078433,0.0,266,-0.00016005251,0.0,0.0
267,0.0007159536514417478,0.00017481654693416435,0.0,267,0.00010726341,0.0,0.0
268,0.0018483309325665626,0.003401485942483332,0.0008571428571428572,268,0.00033339186,0.0,0.0
269,0.0016629451040399803,0.0011023055421268547,0.0,269,-0.0007877537,0.0,0.0
270,0.0014647479996170289,0.002131287691063271,0.0,270,0.00022775702,0.0,0.0
271,0.0005868812866768529,0.0003693759805526509,0.00028571428571428574,271,8.41833e-05,0.0,0.0
272,0.0009460978578967314,0.0023660595158386667,0.0,272,-0.0004123112,0.0,0.0
273,0.001137550653667744,0.007173236256999664,0.0,273,-0.00033610046,0.0,0.0
274,0.0020317878864902564,0.006146504407913913,0.0014285714285714286,274,1.8013801e-05,0.0,0.0
275,0.0005657476060854402,0.00046792682578337367,0.0,275,-0.00047640307,0.0,0.0
276,0.0015055359903520691,0.0009450729650039723,0.00014285714285714287,276,-0.00061025226,0.0,0.0
277,0.0011155792025764287,0.0015120299632703355,0.0,277,0.0005989702,0.0,0.0
278,0.0016139026988783711,0.0024892535454073225,0.0,278,0.00031390428,0.0,0.0
279,0.0004758670615447061,0.000889021494839586,0.0,279,-9.428254e-05,0.0,0.0
280,0.0011092405071014852,0.011946427190159488,0.0,280,-0.0007435979,0.0,0.0
281,0.00045231661214216896,0.00026264417533097405,0.00014285714285714287,281,0.00028281298,0.0,0.0
282,0.001422346404222643,0.0010494390863852374,0.00014285714285714287,282,0.00016657336,0.0,0.0
283,0.0010915621059245538,0.0018347296077753609,0.0,283,2.4871315e-06,0.0,0.0
284,0.0004568006809486754,0.0003229647219105417,0.0,284,0.00030308767,0.0,0.0
285,0.0010503581404818772,0.002971515433699562,0.0,285,-0.00027299311,0.0,0.0
286,0.0009233150640297323,0.0002743562706160426,0.0,286,0.0005284788,0.0,0.0
287,0.0014654334905430191,0.010612463094320955,0.00014285714285714287,287,-0.00013024126,0.0,0.0
288,0.0014501575674144463,0.004279142694163205,0.001,288,0.00043188257,0.0,0.0
289,0.001114947964159187,0.00462700377199627,0.0,289,-0.00027711526,0.0,0.0
290,0.0003084928912901041,8.260017055968648e-05,0.0,290,-0.00027464636,0.0,0.0
291,0.0005855879580938322,0.0002315929358744034,0.0,291,-0.00012634652,0.0,0.10227272727272728
292,0.0004470915483677282,0.00019927718734945318,0.0,292,-0.0004920937,0.0,0.07142857142857142
293,0.0014810335316637721,0.005270582147111425,0.0,293,-0.00032110358,0.0,0.0
294,0.0008773174936053663,0.0003242892241083476,0.0,294,-0.00074156065,0.0,0.0
295,0.0013932750926302084,0.0015619602082620396,0.0,295,5.5533135e-05,0.0,0.0
296,0.001477732860257055,0.0012349707364544868,0.0,296,-1.14130125e-05,0.0,0.023809523809523808
297,0.0017011084841371939,0.0034374223853703917,0.0,297,0.0007953293,0.0,0.0
298,0.0018262577289159206,0.02059320269425783,0.0,298,0.0007251429,0.0,0.0
299,0.0005948553576676566,0.0016471881277802865,0.00028571428571428574,299,-0.001108911,0.0,0.0
300,0.0007566799386797136,0.00010612129366985948,0.0,300,-0.00077051093,0.0,0.13011152416356878
301,0.00014893422568099357,5.476588448907946e-05,0.0,301,-0.00043775677,0.0,0.18410041841004185
302,0.001136710438312297,0.0013788457565087025,0.00014285714285714287,302,-0.00026749884,0.0,0.0
303,0.0003474671775816541,0.000231547760792417,0.0,303,0.00026685512,0.0,0.06521739130434782
304,0.0003783056540459649,0.0005351059859257101,0.0,304,-0.00011998406,0.0,0.03389830508474576
305,0.00126082387929202,0.001134080372963336,0.00014285714285714287,305,0.00027155562,0.0,0.0
306,0.0005958558274829585,0.0005623293959683354,0.00014285714285714287,306,-0.0005116349,0.0,0.0
307,0.0008957187570716105,0.0009297086010685936,0.0,307,-7.859698e-05,0.0,0.0
308,0.0013207711551337805,0.000272681380301272,0.00014285714285714287,308,-0.0011482731,0.0,0.0
309,0.0009444213855233857,0.005867056176277801,0.0,309,0.00021489331,0.0,0.0
310,0.0008447016653710775,0.0011079236758885925,0.0,310,-0.00054416596,0.0,0.0
311,0.002414885806668446,0.008076759799560495,0.0,311,0.0003553686,0.0,0.0
312,0.0018832385800304,0.008669363669005243,0.00028571428571428574,312,0.0008680179,0.0010242443531751633,0.0
313,0.00090217556235369,0.001850734527540982,0.0,313,-0.0007685645,0.0,0.0
314,0.0007601115262797521,0.0009032830838805047,0.0,314,-0.00011209709,0.0,0.0
315,0.0019604886806687855,0.0024966517521977974,0.0007142857142857143,315,0.0001801209,0.0,0.0
316,0.002021367213629601,0.005620601144110116,0.001142857142857143,316,0.00028098235,0.0,0.0
317,0.0022165151175018373,0.004355942414566526,0.0,317,0.00018463195,-0.0009041603771038353,0.0
318,0.002603143874773001,0.0009375925473422714,0.0,318,-0.0011462397,0.0,0.0
319,0.0006574369071477294,0.0005428862121562426,0.0,319,-0.00082741,0.0,0.0
320,0.0010001756176847001,0.0008029680437291746,0.0,320,-0.0005897186,0.0,0.0
321,0.000987443624960987,0.0022909323744139754,0.00014285714285714287,321,0.0005601089,0.0,0.0
322,0.0010533394671858104,0.005090091639901376,0.0,322,-0.00031175444,0.0,0.0
323,0.0014591914250729283,0.00028878409395765637,0.0007142857142857144,323,-0.0005263438,0.0,0.0
324,0.001562216007812887,0.0019049739586899503,0.00014285714285714287,324,0.00047573991,0.0,0.0
325,0.0009013759199581118,0.0011272666407955,0.0004285714285714286,325,5.967583e-05,0.0,0.0
326,0.002279745601496426,0.003167149475697455,0.00014285714285714287,326,-0.00017380451,0.0,0.0
327,0.0017534364258854828,0.0007279446418452112,0.0,327,-0.0002582097,0.0,0.0
328,0.0006991787408101879,0.0007157992181647919,0.0,328,-0.000121700934,0.0,0.0
329,0.000764898960911734,0.002225557382052852,0.00028571428571428574,329,-0.0007540272,0.0,0.0
330,0.0010834641622528307,0.006225963859418996,0.0,330,-0.00018065734,0.0,0.0
331,0.0005268544366082047,0.001611843020550656,0.0,331,5.2237e-05,0.0,0.0
332,0.0022029161324333807,0.005445497544731615,0.0,332,-0.00041033412,0.0,0.0
333,0.0008169017368726096,0.0013631080951112358,0.0,333,0.00021698458,0.0,0.0
334,0.0016309660442533314,0.005912631066320771,0.00014285714285714287,334,0.0009083139,0.0006576098967343569,0.0
335,0.01137273500186356,0.00016540174232789254,0.00014285714285714287,335,-0.0004329489,0.0,0.0
336,0.0014283929976708696,0.0023238261661562556,0.0,336,0.0011985336,0.0,0.0
337,0.0004643937037396208,0.0006321513115814086,0.0,337,-0.000697644,0.0,0.0
338,0.0008368739364478637,0.0034581114759928656,0.0,338,-0.00013913555,0.0,0.0
339,0.0005298299422275083,0.0010147069716220937,0.0,339,-0.0003377194,0.0,0.0
340,0.0019489687541866627,0.001124313346549632,0.0,340,0.0002169208,0.0,0.0
341,0.0015660517533187637,0.0016596946837484558,0.0,341,0.00016989853,0.0,0.0
342,0.0006667502932901283,0.0011698243392058985,0.0,342,-0.0010719984,0.0,0.0
343,0.0014246580733507789,0.003375334899101389,0.0,343,-0.00012600294,0.0,0.0
344,0.002129440772333953,0.0034101213697120903,0.0,344,0.0003160279,9.188277181237936e-05,0.0
345,0.0012742952661853942,0.0017339517344878818,0.0,345,-0.0003697649,0.0,0.0
346,0.0012601454900892778,0.0021964658434898625,0.0,346,1.1834077e-06,0.0,0.0
347,0.0011510570834905888,0.0027606696760680083,0.0007142857142857143,347,0.0006776028,-0.002464436460286379,0.0
348,0.0013229794417988932,0.0007503978720044118,0.00014285714285714287,348,-0.00059919927,0.0,0.0
349,0.001657038565887944,0.006385720975320165,0.0,349,-9.508686e-05,0.0,0.0
350,0.0004464111799962121,0.0001519175565252448,0.0,350,-0.00060253806,0.0,0.0
351,0.005598071426521819,0.0018009284301978299,0.001,351,-0.00078022276,0.0,0.0
352,0.0008623139972374621,0.0018288943166530256,0.0,352,0.0003057536,0.0,0.0
353,0.0015376391556630228,0.00631435823710414,0.00014285714285714287,353,0.00094483036,0.0,0.0
354,0.0007980474766004842,0.002024960129828425,0.0,354,0.00024978493,0.0,0.0
355,0.0009172883204800931,0.002103985061561483,0.00028571428571428574,355,7.5901575e-05,0.0,0.0
356,0.00040943992892573255,0.000261151278058103,0.0,356,-0.00060694525,-0.00047332874964922667,0.07272727272727272
357,0.0016640996579654296,0.0034636774270774395,0.0014285714285714288,357,0.00010400031,0.0,0.0
358,0.0008979344947250492,0.0006921149175452754,0.0,358,-9.349227e-05,0.0,0.0
359,0.001495297983127093,0.0015631677949364455,0.001,359,0.0003816007,0.0,0.0
360,0.000399178899311046,6.458155779867437e-05,0.00028571428571428574,360,-0.0007740879,0.0,0.0
361,0.0007312015169424057,0.003234655828158218,0.0,361,-0.00019348519,0.0,0.0
362,0.0011432768546179532,0.0013833325948084787,0.0,362,-0.0002808157,0.0,0.0
363,0.0011933462155299293,0.002408642915833795,0.0,363,0.0005203717,0.0,0.0
364,0.0007056842103597715,0.0011639974193163871,0.00014285714285714287,364,-0.00026906855,0.0,0.0
365,0.0019315715113973446,0.0017588285164182261,0.0,365,0.0002614906,0.0,0.0
366,0.0012129335832003155,0.0011763300509745245,0.0,366,6.126054e-05,0.0,0.0
367,0.0007531108570607223,0.0007125251403541973,0.0,367,0.00015316044,0.0,0.0
368,0.001953253072474102,0.012187600843596914,0.0004285714285714286,368,-0.00057791284,-0.0011646635830402374,0.0
369,0.0007113597678737026,0.0019983324260413335,0.0,369,0.0007310885,0.0,0.19444444444444445
370,0.0013854838036967765,0.0052356702668101196,0.00014285714285714287,370,-0.0005433328,0.0,0.0
371,0.0006790445986605364,0.0006095299307976871,0.0,371,-0.00022899364,0.0,0.0
372,0.0018635587735360943,0.0022621002647986973,0.001,372,-0.000107536485,0.0,0.0
373,0.0018602529795749031,0.001681317803234497,0.0,373,-0.0011432715,0.0,0.0
374,0.0011590525760728297,0.004806504325590935,0.0,374,-0.0003294389,0.0,0.0
375,0.003214738692666823,0.0018044878820887942,0.0,375,0.0002645897,0.001967842923477292,0.0
376,0.0007065073117264073,0.0005706646141011136,0.00014285714285714287,376,-0.00033160346,0.0,0.0
377,0.0008974513447007863,0.001459103679755511,0.0,377,0.00024190912,0.0,0.0
378,0.0005992667502325616,0.000586509849258188,0.0,378,-0.00019832287,0.0,0.0
379,0.0019236834760373673,0.014523337574728866,0.00014285714285714287,379,-0.0001868408,0.0,0.0
380,0.0004774760384417708,9.119401299557469e-05,0.0,380,-0.00026024878,0.0,0.116751269035533
381,0.0011096179462288733,0.0019599891466019455,0.0004285714285714286,381,-5.181943e-05,0.0,0.0
382,0.0011192929381484674,0.00037583114365443896,0.0,382,0.00033311732,0.0,0.0
383,0.0008347229292555069,0.0014060148677582094,0.0,383,-3.8208367e-05,0.0,0.0
384,0.0005908959723242457,0.0002699926457781617,0.0,384,0.00010969562,0.0,0.0
385,0.0004556520645295484,0.0011788780298191128,0.0,385,-0.00022429551,0.0,0.0
386,0.001001251004859186,0.0011734955595117814,0.0,386,8.245272e-05,0.0,0.0
387,0.0009469712534345675,0.001652819460975112,0.0,387,-0.00016124878,0.0,0.0
388,0.0017494475858538458,0.00826926290134014,0.00014285714285714287,388,-0.0006521304,0.0,0.0
389,0.00177881425928039,0.003285059618065461,0.0,389,0.00013811095,-0.002895347075536847,0.0
390,0.002217979702394663,0.0033605997080504873,0.0,390,-0.00048179858,0.0,0.0
391,0.0019363169760091465,0.010364501067657782,0.00014285714285714287,391,0.00067302544,-0.0011051340261474252,0.0
392,0.0021048187485673622,0.03368648907750362,0.0,392,0.001695524,0.0011595558607950807,0.030927835051546393
393,0.0008966959425483937,0.0008984188012498726,0.0,393,-0.00053358264,0.0,0.0
394,0.0013983438602823424,0.007243683817642597,0.00028571428571428574,394,-0.00025668196,0.0,0.0
395,0.001858366133203041,0.0012329817975882456,0.0,395,-0.00077418814,0.0,0.0
396,0.0011438113466086498,0.0018583036026620335,0.00014285714285714287,396,-0.00042124517,0.0,0.0
397,0.001782806009854342,0.006730885823035391,0.00028571428571428574,397,0.00051728816,-0.0015493208775296807,0.0
398,0.0009310817879860272,0.002628917309016174,0.00028571428571428574,398,-9.455281e-05,0.0,0.0
399,0.0009254039602490905,0.0013548969016965973,0.00014285714285714287,399,-0.00025274037,0.0,0.0
400,0.0007726925782790179,0.0014312954753739658,0.00014285714285714287,400,-0.00049492606,0.0,0.0
401,0.0006088314325984236,0.0003283857532332375,0.0,401,-0.0010195907,0.0,0.0
402,0.001444202015729828,0.003996201218548357,0.0,402,-0.00020498471,0.0,0.0
403,0.0004598758144314159,0.0004877951885476847,0.0,403,0.00015208934,0.0,0.0
404,0.00037024033755359107,0.00012467591962985383,0.0,404,-0.00014870209,0.0,0.0
405,0.0006055450810598954,0.0002075599084507987,0.0,405,-0.00085619406,0.0,0.0
406,0.0010742170200535174,0.002037173356787789,0.0,406,-0.00066441164,0.0,0.0
407,0.0008709551645268264,0.0014954243416086894,0.00028571428571428574,407,-0.00026130854,0.0,0.0
408,0.002500999440029049,0.01974644956608177,0.0008571428571428572,408,0.0013570741,-0.0013060973724350333,0.0
409,0.001893717463737352,0.002187214398188875,0.0,409,0.00024564905,0.0,0.0
410,0.0017061171781959496,0.009688179636093473,0.001,410,0.0005567956,-0.002263555536046624,0.0
411,0.0019505175119632334,0.004647526359651682,0.0,411,0.0002974942,0.0,0.0
412,0.0014105847863066965,0.0006508546957950166,0.0,412,-0.000525472,0.0,0.0
413,0.0010823808584032484,0.0049775042619319265,0.0,413,-7.791664e-05,0.0,0.0
414,0.0013594428323408568,0.0041415286876239285,0.00014285714285714287,414,-0.0004544407,0.0,0.0
415,0.0004800438643990353,4.856261460611795e-05,0.00014285714285714287,415,-0.0009359589,0.0,0.0
416,0.0006624823904613447,0.000531659380422849,0.0,416,-0.00019733471,0.0,0.0
417,0.0017840315810122734,0.002736772029166093,0.00014285714285714287,417,0.0005934579,0.0,0.0
418,0.0014858518762551375,0.004510436298892872,0.0,418,0.0009533367,0.0,0.0
419,0.001922754547352164,0.003290009725806677,0.00028571428571428574,419,0.00013724949,0.0,0.0
420,0.0012870421608857593,0.007075193900121364,0.0,420,0.0004425862,0.0,0.0
421,0.0026298738297056887,0.011178399199066798,0.0,421,0.00072650576,-0.00026560112019069493,0.0
422,0.0011526754614393305,0.004623339862875809,0.00014285714285714287,422,0.0001735356,0.0,0.0
423,0.0008493833891061844,0.0016210349610744409,0.001142857142857143,423,-0.00015274592,0.0,0.0
424,0.0009197609425982393,0.0017660499159039386,0.0007142857142857143,424,-0.00053768314,0.0,0.0
425,0.0007567757537327181,0.00044947013151987734,0.0005714285714285715,425,0.0006983968,0.0,0.0
426,0.001627645115472103,0.013834139762152017,0.0,426,0.0025240693,0.0017145592719316483,0.0
427,0.001153521847144485,0.002180770763111346,0.0,427,0.00061773375,-0.0018873156514018774,0.0
428,0.0009735759968368709,0.00153173090637293,0.0,428,-0.00018614488,0.0,0.0
429,0.0007701214634089377,0.0007009649496190173,0.0,429,-0.00088038226,0.0,0.0
430,0.0006121045120639961,0.0013150626495117784,0.0,430,-5.565439e-05,0.0,0.0
431,0.000600021512065645,0.0005556101615609133,0.0,431,-0.0003628729,0.0,0.0
432,0.0016497943424880084,0.0009696312282304377,0.0,432,-9.886699e-05,0.0,0.0
433,0.001540862755909243,0.002728565169062191,0.00014285714285714287,433,9.136447e-05,0.0,0.0
434,0.00045363616471144635,0.00029285364777712706,0.0,434,0.00027479147,0.0,0.0
435,0.0024414350751342283,0.00638879127556867,0.0,435,0.00027541816,0.0,0.0
436,0.0009027870672940372,0.0008054427716540794,0.0,436,-0.0005533167,0.0,0.0
437,0.001235117736723999,0.004542652949464475,0.00014285714285714287,437,-5.449014e-05,0.0,0.0
438,0.0016925017776688372,0.002299003338252528,0.0,438,-0.00026676315,0.0,0.0
439,0.00117990602965017,0.0036094355272156113,0.00014285714285714287,439,-0.0005818283,0.0,0.0
440,0.0026357989953285405,0.015242411905876432,0.0005714285714285715,440,0.0014570853,-0.000681377830915153,0.0
441,0.0016740698952974408,0.004194322778244608,0.0,441,-9.343718e-05,0.0,0.0
442,0.002117693823551273,0.01140352046539084,0.0,442,0.00016060991,-0.0005504665314219892,0.0
443,0.0012393708539978233,0.0011141753545468977,0.0,443,0.00033485694,0.0,0.0
444,0.0014300496783564746,0.003595626926347331,0.0,444,-7.171452e-05,0.0,0.0
445,0.0005629994138209253,0.0011130396673014905,0.0,445,-0.0009118403,0.0,0.0
446,0.001490085783949684,0.0032691536363027578,0.001142857142857143,446,-0.0003424011,0.0,0.0
447,0.0006461527928039547,0.000655783521295278,0.0,447,-0.00044798988,0.0,0.0
448,0.0024637482238933054,0.008954034867203444,0.0,448,0.0011252129,0.0,0.0
449,0.0018063444969279652,0.001415353616186646,0.0,449,-0.0010716105,0.0,0.0
450,0.0015800139740681119,0.007566928326940265,0.00028571428571428574,450,0.001111433,-0.0009234744356945157,0.0
451,0.0006811888533947227,0.0003808321464802707,0.00014285714285714287,451,0.0004136885,0.0,0.0
452,0.002576747817254672,0.0013815306051766835,0.00014285714285714287,452,0.0003489588,0.0,0.0
453,0.0016010809450296684,0.003197771035788032,0.0,453,0.0009220188,0.00043965221266262233,0.0
454,0.000885396518752043,0.0016130547805884242,0.0,454,-0.00053659524,0.0,0.0
455,0.002335448724534692,0.009048730626331866,0.0014285714285714288,455,4.8703125e-05,0.0,0.0
456,0.0017181282877991241,0.005704570744145203,0.00028571428571428574,456,0.0002714185,0.0,0.0
457,0.0025725221755002995,0.01695604612577264,0.00014285714285714287,457,0.0009887422,-0.0002349140850128606,0.0
458,0.004385448689240729,0.004771189307751132,0.00014285714285714287,458,4.5906985e-05,0.0,0.0
459,0.0031063000355344983,0.001975008673638295,0.0,459,-0.0004579161,0.0,0.0
460,0.0006670970553015179,0.003462848598192312,0.00028571428571428574,460,0.00013358993,0.0,0.0
461,0.002063940763863947,0.003940899644277633,0.00014285714285714287,461,8.9404326e-05,-0.0025614246260374784,0.0
462,0.00042521713475718965,0.000228542507105377,0.00014285714285714287,462,-0.0001167357,0.0,0.0
463,0.001087141923521858,0.0003199625954507984,0.0,463,-0.0008409454,0.0,0.0
464,0.000655541969468232,0.0006696301891585351,0.0,464,0.00016220902,0.0,0.02666666666666667
465,0.001179214135531087,0.0012634287378666005,0.00014285714285714287,465,-0.00054856826,0.0,0.0
466,0.0006981850234530565,0.000509285665170551,0.0,466,0.00020360564,0.0,0.0
467,0.0007204054423339828,0.0005211384022206698,0.0,467,-0.00027401396,0.0,0.03125
468,0.0010137233772084158,0.0005217781494891751,0.0,468,9.7355245e-05,0.0006329190800897777,0.07303370786516854
469,0.0007104708882507515,0.00023985151706073127,0.0,469,0.00019242108,0.0,0.05555555555555555
470,0.0004679777746515336,0.0014056783084460827,0.0,470,-0.0002919887,0.0,0.05555555555555555
471,0.0006689028721753351,0.0002853788956881575,0.0,471,-0.00010063768,0.0,0.0
472,0.0018690695943550056,0.005283677191307464,0.0,472,-0.00043215472,0.0,0.0
473,0.000728402157343996,0.00026389126311284085,0.0,473,-0.0008571089,0.0,0.0
474,0.0031941106314863437,0.00794119418027536,0.0004285714285714286,474,7.0463844e-05,0.0,0.0
475,0.000671491392088458,7.582477776109984e-05,0.00028571428571428574,475,-0.000981731,0.0,0.0
476,0.0024641186777191377,0.005338491627219952,0.0,476,0.00017783309,0.0017068429151549935,0.031578947368421054
477,0.002277173147776881,0.00853366294746944,0.00014285714285714287,477,0.0007056877,0.0,0.0
478,0.000544052365459803,0.0010491799274646287,0.0,478,7.481728e-05,0.0,0.0
479,0.0015595550736069708,0.006412292922104281,0.00014285714285714287,479,0.00060500926,0.0,0.0
480,0.0007392368257435136,0.0025456939569507347,0.0,480,0.0002877128,-0.0005609045037999749,0.0
481,0.0016272961996594004,0.005093631439572754,0.0,481,-0.0005063369,0.0,0.0
482,0.000653805423501508,0.0014299580027482518,0.0,482,-0.00049626484,0.0,0.0
483,0.0013141609642717091,0.0016236087634665703,0.0,483,-0.00037409485,0.0,0.0
484,0.0011093901089764679,0.008919206472759428,0.00014285714285714287,484,2.3954256e-06,0.0,0.0
485,0.0007555353970198274,0.0009946355460725789,0.0,485,-1.0302322e-05,0.0,0.0
486,0.00149932093471466,0.00147725226535382,0.00014285714285714287,486,0.00043531673,0.0,0.0
487,0.0027342870903949022,0.036339959879569776,0.0012857142857142856,487,0.0070621544,0.004840456414967775,0.6107142857142858
488,0.0004553060592591606,0.00020792313167907533,0.00014285714285714287,488,-0.0014427347,0.0,0.0
489,0.0018687221920243068,0.0028454666553751106,0.0004285714285714286,489,8.422238e-05,-0.002026682486757636,0.0
490,0.0006914785518512103,0.0008525683542598509,0.0,490,0.00018022145,0.0,0.0
491,0.003463051726678788,0.012491238634642599,0.0,491,0.0005573119,0.0,0.0
492,0.0011951513338735909,0.0012112620171854179,0.0,492,-0.00022279365,0.0,0.0
493,0.0012278965648191973,0.0010917584183534484,0.0,493,0.00044883182,0.0,0.0
494,0.0013548240345305966,0.001071188364299712,0.0,494,-0.00035917913,0.0,0.0
495,0.0006837635191264271,0.0014142955294638262,0.0,495,-0.00055900286,0.0,0.0
496,0.001033342877265958,0.003339267823360134,0.00014285714285714287,496,0.0003633133,0.0,0.0
497,0.0016590074895530844,0.005755617523929334,0.0,497,-0.00031123936,0.0,0.0
498,0.0008540761729020879,0.004935615760286791,0.0,498,-0.00022751962,0.0,0.0
499,0.0005064379136431677,8.91808656673044e-05,0.0,499,-0.00054588413,0.0,0.0
500,0.0009273506473709458,0.0011107381675298817,0.0,500,-0.00051543134,0.0,0.0
501,0.000501390975058395,0.0008588160801519038,0.0,501,0.00019878898,0.0,0.0
502,0.0006145665980189625,0.00013236191100797327,0.0,502,1.7533132e-05,0.0,0.0
503,0.0004953459533030186,0.00032443442111463065,0.0,503,-0.0005695252,0.0,0.0
504,0.0004448977562033434,0.00033577150275951426,0.0,504,0.0005703259,0.0,0.0
505,0.0007016716785136917,0.0011578648483917178,0.0,505,7.3616335e-05,0.0,0.0
506,0.0011780885706070936,0.002212523217302117,0.00014285714285714287,506,-0.00038673606,0.0,0.0
507,0.0013279097840585335,0.001328179193986596,0.0,507,-0.00016203472,0.0,0.0
508,0.000583356619933586,0.00022281802072485673,0.0,508,-0.00055537804,0.0,0.0
509,0.0005041534289802526,0.0006005167941284502,0.0,509,0.00033485005,0.0,0.0
510,0.0008558305313877787,0.0006959199509551602,0.00028571428571428574,510,-0.0012870617,0.0,0.0
511,0.0008884722634486696,0.0028952629329204132,0.00014285714285714287,511,-0.00035483003,0.0,0.0
512,0.0015236510892979187,0.00017798320881018807,0.0,512,0.0004830242,0.0,0.0
513,0.0010587343319988986,0.0011731178391010842,0.0,513,-9.54192e-05,0.0,0.0
514,0.001297011117579152,0.0016663817423156978,0.0004285714285714286,514,0.0003407387,-0.0022789551876485348,0.0
515,0.0008987295384637699,0.0015586059683502615,0.00014285714285714287,515,-0.00032581057,0.0,0.0
516,0.0016900840483787488,0.0037743682406137925,0.0,516,0.00032745957,0.0,0.0
517,0.0007306162068828921,0.005079358878280592,0.0,517,0.0003382041,0.0,0.0
518,0.0005942543888904892,0.0006576878436562061,0.00014285714285714287,518,0.00011139112,0.0,0.0
519,0.0018287885036695174,0.00482757171679839,0.00014285714285714287,519,-0.0012409515,0.0,0.0
520,0.0025090607108676053,0.005430234796375407,0.0,520,0.00018884573,0.0,0.0
521,0.0008636199575741292,0.0007221759954817212,0.001142857142857143,521,-0.00067149085,0.0,0.0
522,0.000762487169127968,0.0017754436957578737,0.0,522,7.5699005e-05,0.0,0.0
523,0.00021121283136422658,0.00016237179233226197,0.0,523,-0.0011059185,0.0,0.11739130434782609
524,0.0017711144777973365,0.0032333561657199848,0.0,524,0.00019152965,0.0,0.0
525,0.001259874227545535,0.0012277577740930899,0.0012857142857142856,525,-0.0006833091,0.0,0.0
526,0.001508223352282204,0.0036526141294587417,0.00014285714285714287,526,-0.0006464753,0.0,0.0
527,0.000545804802987566,0.00022940956323298504,0.0,527,-0.00057963823,0.0,0.0
528,0.0009696745894963715,0.0023754195945160047,0.00014285714285714287,528,-0.0006030424,0.0,0.0
529,0.0011770922337618788,0.002156987302195547,0.0,529,0.0001264269,0.0,0.0
530,0.0009812936490497376,0.0007684539428818585,0.0012857142857142856,530,-0.00014150525,0.0,0.0
531,0.0020311750427004444,0.004812743297789377,0.0007142857142857143,531,7.0259404e-05,0.0,0.0
532,0.0006697423890006265,0.0011933877741903116,0.0,532,-0.0007182949,0.0,0.0
533,0.0015403915973193172,0.007804234778702554,0.00014285714285714287,533,4.6411584e-05,0.0,0.0
534,0.0016337172052710075,0.00557604274713796,0.0,534,0.0008862974,0.0,0.0
535,0.0008013702681287942,0.002826945961014571,0.0,535,0.0005758312,0.0,0.0
536,0.0012005374670597344,0.0012346000083138652,0.0,536,-0.00022564598,0.0,0.0
537,0.0014985406765308986,0.001265812946905062,0.0,537,-0.0001792252,0.0,0.0
538,0.0018807905811002372,0.0023652100570762434,0.0,538,-0.00045126124,0.0,0.011904761904761904
539,0.0009499461769454082,0.0016250286884889335,0.0,539,-0.00012748505,0.0,0.0
540,0.0007040844016709984,0.0014583560539495235,0.001,540,-0.0003226142,0.0,0.0
541,0.0013610961367973766,0.0005695367458047874,0.0,541,-0.00051343517,0.0,0.0
542,0.001061751167319073,0.001780254791075634,0.00028571428571428574,542,-6.734567e-05,0.0,0.0
543,0.002438319164953657,0.005512894028857303,0.00014285714285714287,543,-0.00015184547,0.0,0.0
544,0.0018413939460133813,0.0004377077040061272,0.0,544,8.504884e-05,0.0,0.0
545,0.0006096689120440946,0.0005349926754596096,0.0,545,0.00074575725,0.0,0.0
546,0.00037304991315552583,0.00016882124060265872,0.0,546,-0.00037701835,-0.0017324005020782351,0.05555555555555555
547,0.0005494152725182743,0.002503256902092132,0.0,547,-0.0006269382,0.0,0.0
548,0.00045717421994936154,0.0003605986463188674,0.0,548,-0.0006748471,0.0,0.06521739130434782
549,0.0010380815894195895,0.0032213917835160672,0.0,549,-5.8763367e-06,0.0,0.0
550,0.0011763485319895917,0.0024892598889686606,0.0,550,0.00030795924,0.0,0.0
551,0.0023163488144911947,0.012099876158920794,0.00014285714285714287,551,0.00076127326,0.0010619215900078416,0.0
552,0.0005546608265106115,0.00011691841565315997,0.0,552,1.1911052e-05,0.0,0.0
553,0.001226360264163734,0.004183267569258914,0.00014285714285714287,553,-0.00049646624,0.0,0.0
554,0.0008176711678389598,0.004305386333149152,0.00014285714285714287,554,-0.00026903264,0.0,0.0
555,0.000628459023963601,0.0004395494533033182,0.0,555,-0.00039572266,0.0,0.0
556,0.0007919026814545553,0.00137312451244222,0.0,556,-0.00015940939,0.0,0.0
557,0.0009728876535794121,0.001620605113325473,0.0,557,-1.0563305e-05,0.0,0.0
558,0.0016777633734949683,0.004516861214051368,0.00014285714285714287,558,-0.0005228419,0.0,0.0
559,0.0008409406043809994,0.001070129366775684,0.0,559,4.4830187e-05,0.0,0.0
560,0.0028369274815493025,0.0058453389810989255,0.0,560,0.0005924034,0.0,0.0
561,0.0002505251916983564,5.631768827298068e-05,0.0,561,-0.00074046606,0.0,0.0
562,0.0013987890568348197,0.006046741197453408,0.0,562,-0.00077753887,0.0,0.0
563,0.00025974570243548887,8.112022052266578e-05,0.0,563,-0.00040231866,0.0,0.0
564,0.00046406993501251837,0.00019498365321304797,0.0,564,-0.0008685767,0.0,0.0
565,0.001964122201694627,0.004015752019017037,0.0,565,8.76184e-05,0.0,0.0
566,0.001171469298853,0.0013204072362930708,0.0,566,-0.00021210576,0.0,0.0
567,0.0013471433462051284,0.005588913740333807,0.0,567,-0.00053933024,0.0,0.0
568,0.0006587398405203891,0.00041027757467650535,0.0,568,-0.00018381579,0.0,0.0
569,0.0008907323577669864,0.0006967029249184786,0.0005714285714285715,569,-0.00073262205,0.0,0.0
570,0.0021382049973523885,0.001267500290122814,0.0,570,-0.0005575183,0.0,0.0
571,0.0006558097975720433,0.0004430374102845753,0.0012857142857142856,571,0.00047679577,0.0,0.0
572,0.0018251149335814232,0.002802006147928704,0.0,572,0.0010437015,0.0,0.0
573,0.0011906107714407532,0.010200235469102701,0.0005714285714285715,573,0.001025106,0.0,0.0
574,0.0007981531874973591,0.0024159815901270256,0.0,574,-0.0003980479,0.0,0.0
575,0.0009742589846964705,0.001192991101731848,0.0,575,-0.00081810995,0.0,0.0
576,0.0007445969386813627,0.002037063057238301,0.0007142857142857143,576,-0.00087328657,0.0,0.0
577,0.002149373330322879,0.006756911356093498,0.0,577,0.0015913101,-0.0006118824821896851,0.0
578,0.0005670345314753683,0.00013717815684451433,0.0,578,-0.0005802705,0.0,0.0
579,0.0011683422121899396,0.0032164589496267147,0.00014285714285714287,579,-0.00056142645,0.0,0.0
580,0.004751523662371288,0.005470869863927723,0.00028571428571428574,580,0.00013854392,0.0,0.0
581,0.0004284715867519472,0.0007087564908731252,0.0,581,-0.00024082269,0.0,0.0
582,0.0012534803481883024,0.0023608958840854403,0.0,582,0.0001732283,0.0,0.0
583,0.0010264609581733734,0.0026240990039045177,0.0,583,-1.1679956e-06,0.0,0.0
584,0.0007276624721201034,0.0009102735300965347,0.0,584,-0.001046893,0.0,0.0
585,0.0012776497244140893,0.0032004158355728456,0.0008571428571428572,585,-0.0006574444,0.0,0.0
586,0.002350660150045568,0.002890777138233486,0.00028571428571428574,586,0.00027796114,0.0,0.0
587,0.0017901496573797522,0.006834006389505209,0.008142857142857144,587,0.00074616226,0.0026702540926635265,0.0
588,0.0015132009617490373,0.0002050430380502174,0.0,588,-0.00075457775,0.0,0.0
589,0.001226704755952118,0.00476924109608262,0.0,589,0.00042367587,0.0,0.0
590,0.00085116376784017,0.0058228263915992085,0.0008571428571428572,590,0.00035170795,0.0,0.0
591,0.0012869612478094068,0.0011973749272841392,0.00014285714285714287,591,-0.00018088307,0.0,0.0
592,0.001742420256067212,0.008614278685226793,0.0025714285714285713,592,0.0015952904,0.0,0.0
593,0.0013930293264371436,0.0008929954977727726,0.0,593,0.00031961218,0.0,0.0
594,0.0017758722831085535,0.0074047507986472055,0.0,594,0.0005464111,0.0,0.0
595,0.000812691695625045,0.0029388058486166666,0.0,595,-3.1935317e-05,0.0,0.0
596,0.0006737719766246712,0.011578856953847966,0.00014285714285714287,596,-0.000760581,0.0,0.0
597,0.0009154047921264699,8.81039889696508e-05,0.0,597,-0.00018179136,0.0,0.0
598,0.0019192518843087973,0.005128852625669045,0.00014285714285714287,598,0.0010398714,0.0,0.05263157894736842
599,0.0025294938821346833,0.0005798549724304872,0.00014285714285714287,599,0.0002475908,0.0,0.0
600,0.0010178060531242832,0.0026155520549706805,0.0027142857142857142,600,-0.0008996828,0.0,0.0
601,0.0013868394178853346,0.0027236983349277683,0.0014285714285714286,601,0.00040306916,0.0,0.0
602,0.00043569564009364074,0.0008743799181164839,0.0,602,-0.0008586134,0.0,0.0
603,0.0014969589714153239,0.004870612891176005,0.00014285714285714287,603,-0.00050053454,0.0,0.0
604,0.001462530864903279,0.0017219762708063665,0.0,604,-0.00021078186,0.0,0.0
605,0.000502381665451519,0.00023354846112034534,0.00028571428571428574,605,-0.00095758284,0.0,0.0
606,0.0005560252887478068,0.00018771954160225885,0.0,606,-0.0008990908,0.0,0.0
607,0.002789887995187071,0.0018506269958729394,0.0,607,0.00028166268,0.0,0.0
608,0.0015131642889158704,0.003191778574978292,0.0,608,-0.00024255447,0.0,0.0
609,0.0005693935842323895,0.0007382858002821056,0.0,609,-0.00019599641,0.0,0.047619047619047616
610,0.001274164408202919,0.0012626717513874184,0.0,610,0.00014374834,0.0,0.0
611,0.0005060676926607205,0.0013888260763726449,0.0,611,0.00031062696,0.0004406683729030192,0.03571428571428571
612,0.0006847869240151698,0.0008177523645651612,0.0,612,-0.00060944824,0.0,0.0
613,0.0007657742774074979,0.0003938191474411554,0.0,613,0.00010743694,0.0,0.0
614,0.0019390066663731332,0.010143633774366757,0.0007142857142857144,614,-8.4910225e-06,0.0,0.0
615,0.0010543944805640922,0.0018705407806789388,0.00014285714285714287,615,-0.0008180134,0.0,0.0
616,0.0007948824946764848,0.0014148783189268438,0.0,616,-0.0005607618,0.0,0.0
617,0.0013647100989788627,0.002941955590349893,0.0,617,-0.00022694375,0.0,0.0
618,0.0006019602825124039,0.0009763418920380613,0.0,618,-0.0007410952,0.0,0.0
619,0.0019725511322383938,0.023209084328977947,0.00014285714285714287,619,0.0033154304,0.003933093044906855,0.0
620,0.0007465676086718921,0.012397329045865713,0.0,620,-0.00018769622,0.0,0.0
621,0.0018340827801402047,0.0015525218084184358,0.0,621,-0.0002986357,0.0,0.0
622,0.0008632205729576874,0.001809009117993038,0.0004285714285714286,622,-0.00062899495,0.0,0.0
623,0.00037358373572149,7.567749413388775e-05,0.0,623,-0.00066540233,0.0,0.07792207792207792
624,0.000712736803653698,0.0003188200337907029,0.0,624,-0.00042241308,0.0,0.0
625,0.0002514981859942062,0.0003517239560016188,0.0,625,0.00017458397,0.0,0.09134615384615384
626,0.0010780491564869237,0.002766717416438499,0.0007142857142857143,626,-0.000520644,0.0,0.0
627,0.0009884030561296497,0.00271376956096473,0.0004285714285714286,627,-9.1678245e-05,0.0,0.0
628,0.0010989637314528756,0.0018098050991615605,0.00028571428571428574,628,-0.00012241892,0.0,0.0
629,0.002422191267878685,0.007028732849889191,0.00014285714285714287,629,-1.09922885e-05,0.00041221038554795086,0.0
630,0.0006307814620983015,0.004810741924265432,0.0,630,-0.00063168997,0.0,0.0
631,0.0012000465167820678,0.0006927162929907593,0.0014285714285714286,631,-0.00015839696,0.0,0.0
632,0.000705352175692495,0.001032331104001463,0.0,632,-0.00011126195,0.0,0.0
633,0.0005049289720854639,0.00015602205257301435,0.0,633,0.0006649825,-0.00046792029752396047,0.0
634,0.0008125943670900369,0.0011090176992181973,0.0,634,0.0004910087,0.0,0.0
635,0.0008601664244850368,0.0013183715672480808,0.0,635,-0.00034718539,0.0,0.0
636,0.0022692543770900593,0.0009587236549615591,0.0014285714285714286,636,-0.00021567992,0.0,0.0
637,0.001685902646867562,0.0016126663444412436,0.001142857142857143,637,0.000997955,0.0,0.0
638,0.0017781850000319224,0.00426934614129983,0.00014285714285714287,638,-0.0005506393,0.0,0.0
639,0.0008315445588368592,0.001477327702503859,0.0,639,-0.00013708958,0.0,0.0
640,0.0014679009318958448,0.0007058798512036822,0.0,640,-0.0004839983,0.0,0.0
641,0.002866641790149931,0.027262803239828704,0.0018571428571428571,641,0.0040291147,0.0014015428023412824,0.2
642,0.0023773572740609446,0.0021924306094678186,0.00028571428571428574,642,-0.00039624205,0.0,0.0
643,0.001522057625591392,0.0020273547527077562,0.0,643,-0.00022986242,0.0,0.0
644,0.0011382537242693158,0.0014438119156995077,0.0004285714285714286,644,-0.00032815457,0.0,0.0
645,0.0009292560630027765,0.0009806758847945801,0.0,645,0.00013226739,0.0,0.0
646,0.0009106150872714824,0.0009076934841610305,0.0,646,-0.0006307244,0.0,0.0
647,0.0012081581982135172,0.003060427484977242,0.0,647,-0.00017790156,0.0,0.0
648,0.0010942982485438852,0.004154727610291698,0.0,648,0.00017164077,0.0,0.0
649,0.0009784165197606754,0.000988664537720592,0.0,649,-0.0008898285,0.0,0.0
650,0.0011018598374778303,0.002269390319993929,0.0,650,0.0004928802,0.0,0.0
651,0.0013991826785774784,0.002640262457421784,0.00014285714285714287,651,9.971755e-05,0.0,0.0
652,0.0011523235186626205,0.004701969456139044,0.00014285714285714287,652,0.0004295275,0.0,0.0
653,0.001029665581683701,0.0032180954894536163,0.0,653,-0.00087930396,0.0,0.0
654,0.0010943505218838597,0.005006208487290043,0.0,654,-0.000633218,0.0,0.0
655,0.0018379995551441265,0.00371232915113057,0.0,655,-6.840297e-05,0.0,0.0
656,0.0014907769795386113,0.007081672052739692,0.0,656,-0.00039579434,0.0,0.0
657,0.0017759841643551358,0.008884801322569861,0.0,657,0.00019767531,0.0,0.0
658,0.000884423873721271,0.001591923325063021,0.0,658,0.0003499053,0.0,0.0944206008583691
659,0.0017947787002989607,0.017884321769775953,0.0015714285714285715,659,0.0019831054,-0.0005594323156401515,0.0
660,0.001398949951613984,0.010771488877044494,0.0,660,-0.0007241017,0.0,0.0
661,0.0012013896738495187,0.0005490321354422826,0.0,661,-0.00012043647,0.0,0.0
662,0.0008341319145330563,0.002083366557454862,0.0,662,-0.00019107597,0.0,0.0
663,0.0012088050371375663,0.0009429600676995976,0.0,663,-0.0013176134,0.0,0.0
664,0.0012157698484752775,0.0008240448518401534,0.0,664,-0.0004315046,0.0,0.03225806451612903
665,0.0018235370703817042,0.0007678937245584132,0.00028571428571428574,665,0.00040730237,0.0,0.0
666,0.0022064574474786884,0.0037939883103038645,0.0,666,-5.16143e-05,0.0,0.0
667,0.00061528294069349,0.003552037842086513,0.0,667,-0.00036064582,0.0,0.0
668,0.0022200620207883897,0.004333427000654225,0.0,668,0.0006344885,-0.0009233001037500799,0.0
669,0.004939409646746314,0.002696940779142417,0.00028571428571428574,669,0.0007278335,-0.0016263289144262671,0.0
670,0.0011475102966257292,0.003261311891480827,0.00014285714285714287,670,-0.00031004276,0.0,0.059322033898305086
671,0.0018242096384998166,0.001283707756032032,0.0,671,4.2301246e-05,-0.0002766681427601725,0.0
672,0.0010705139952771974,0.0010217355362241104,0.00014285714285714287,672,0.0005042051,0.0,0.0
673,0.00047610432895421156,0.00010998331136084526,0.0014285714285714286,673,-0.00019384162,0.0,0.0
674,0.0016820443155533223,0.0034369819433968324,0.0,674,-0.00045760666,0.0,0.0
675,0.001446992643701293,0.0027600587306331383,0.00014285714285714287,675,5.885533e-05,0.0,0.0
676,0.0016269036257119754,0.0023379807627953507,0.0,676,-0.00022467894,0.0,0.0
677,0.00201692479468362,0.008578386128246546,0.00014285714285714287,677,0.0006539202,-0.0028810950461775064,0.0
678,0.0013850925103879698,0.0008864119316678887,0.001142857142857143,678,0.00070170115,-0.0015859089326113462,0.0
679,0.0008103147139273643,0.001767981751439362,0.0,679,-5.1785537e-05,0.0,0.0
680,0.0012368602201970453,0.0032203690221233186,0.0,680,-0.0008390748,0.0,0.0
681,0.0012135507345927535,0.0012259289376907562,0.0,681,8.457797e-05,0.0,0.0
682,0.001540342700208428,0.0014301515664015348,0.0,682,-7.2622126e-05,0.0015112448018044233,0.0
683,0.0006508678131431435,0.00024880540869411745,0.0,683,-0.00052398845,0.0,0.012658227848101266
684,0.00068546298478406,0.0009934738745643829,0.00028571428571428574,684,-0.0006888697,0.0,0.0
685,0.0012973282502697764,0.0046070478103344935,0.00014285714285714287,685,-0.000369327,0.0,0.0
686,0.0018649217222912859,0.002589241941277131,0.0005714285714285715,686,-0.00021700842,0.0,0.0
687,0.0019980567966517686,0.01501735374340803,0.0,687,0.00016432021,0.0,0.0
688,0.0015639721126239666,0.005040996607258472,0.00028571428571428574,688,0.00014129715,0.0,0.0
689,0.0017258337739451146,0.005202495783576763,0.0,689,-0.0007222827,-0.0017095109215006232,0.0
690,0.0014818575644039485,0.0023684940509045237,0.0,690,0.00029048725,-0.004097038879990578,0.0
691,0.0007862260179345445,0.0005639918029804242,0.0,691,-0.0011835428,0.0,0.0
692,0.0007493246489850442,0.0028860649632128257,0.0,692,-0.00073871756,0.0,0.0
693,0.003886518635920374,0.00245502783685912,0.0,693,-0.0014841458,0.0,0.0
694,0.001134453254536295,0.0020988689926473582,0.00014285714285714287,694,0.0002038357,0.0,0.0
695,0.0012477323763815781,0.011983557801672793,0.0,695,0.000121887664,0.0,0.0
696,0.001264976175380058,0.0014782621556362367,0.0004285714285714286,696,-0.0006538933,0.0,0.0
697,0.00203296374558545,0.005518614925676828,0.001,697,-6.907999e-05,-0.00027410651091486216,0.0
698,0.0007425947766229867,0.0012836003171528406,0.0,698,3.6456244e-05,0.0,0.0
699,0.001654580321848833,0.008957183569347155,0.00014285714285714287,699,0.00015703277,-0.0028143629897385836,0.0
700,0.001544989904911681,0.00455040669089137,0.001142857142857143,700,1.9535508e-05,0.0,0.0
701,0.0005380868015096216,0.004791590167266556,0.0,701,-0.00090400653,0.0,0.0
702,0.0006272320557453586,0.0005164566566704837,0.00014285714285714287,702,-0.00039226795,0.0,0.0
703,0.0015834868331581747,0.006072121771888464,0.0005714285714285715,703,0.0005022376,0.0,0.0
704,0.00267401069042818,0.03250782986714141,0.001,704,0.0016301547,-0.00032429039129056036,0.023529411764705882
705,0.0007483318630014535,0.0025922893191848498,0.0,705,-0.0008984278,0.0,0.0
706,0.0014107236773859605,0.003973586618963429,0.0,706,0.000459087,0.0,0.0
707,0.0012138266540042,0.003080864205930916,0.00028571428571428574,707,0.00024947908,0.0,0.0
708,0.000654234262806176,0.0006789889606303898,0.0,708,-3.6570516e-05,0.0,0.0
709,0.002480341342051881,0.011429113243091794,0.0,709,0.0038593817,0.002775380853563547,0.0
710,0.0019169137874564428,0.0033701040241278057,0.0012857142857142856,710,-0.00026130353,0.0,0.0
711,0.0007224085357658995,0.0005202068658785726,0.0,711,0.00047295672,0.0,0.0
712,0.0011986381635667649,0.0019276634641050712,0.0,712,-0.00039764354,0.0,0.0
713,0.0010506317314594718,0.009775789228297742,0.00014285714285714287,713,-0.0002171857,0.0,0.0
714,0.0015092662578044562,0.005228552262434587,0.0005714285714285715,714,0.00059940084,0.0,0.0
715,0.0024786245877728976,0.04894491556086423,0.001,715,0.0044059926,0.006142274476587772,0.1875
716,0.0006828184660367996,0.0012300957000441347,0.0,716,-0.0004386735,0.0,0.0
717,0.002219726027783565,0.01058920156772888,0.00014285714285714287,717,0.00091721816,-0.0012733659241348505,0.0
718,0.0014508725130286627,0.0028756728117770537,0.0,718,0.00013965165,0.0,0.0
719,0.0011170179418534987,0.003948297974660787,0.0004285714285714286,719,0.0004884876,0.0,0.0
720,0.00045762826455047605,0.000539836740917796,0.0,720,-0.0002531862,0.00011807493137894198,0.03225806451612903
721,0.0014721951460271545,0.004172574227106103,0.00028571428571428574,721,0.00055731257,0.0,0.0
722,0.0006204068922279133,0.00037692425694466254,0.0004285714285714286,722,-0.00031670756,0.0,0.0
723,0.0016199520864472198,0.006900030305932778,0.0014285714285714286,723,0.00016749774,0.0,0.0
724,0.0029734780191053994,0.012142573267023681,0.00014285714285714287,724,-0.00015947802,0.0,0.0
725,0.001153199359056001,0.0017392350006321942,0.0004285714285714286,725,-0.0012961272,0.0,0.0
726,0.0003239660327659303,3.7925777360480714e-05,0.0,726,-0.00018388084,0.0,0.0
727,0.0004932288830340528,0.0014156857551605312,0.0,727,-0.00030520448,0.0,0.0
728,0.000266739764723464,0.00018444651723174577,0.0,728,-0.00029548066,0.0,0.10945273631840796
729,0.0009034861213472145,0.0019374588301044743,0.0,729,0.00016024828,0.0,0.0
730,0.0021464285600304197,0.009909232786957052,0.0,730,-0.000729862,0.0,0.0
731,0.0011849607102775,0.002438055150135938,0.0,731,0.0005471156,0.0,0.0
732,0.0012977110447950238,0.004057653453960103,0.0,732,-0.0015771458,0.0,0.0
733,0.0012298057641560373,0.0015249682952647144,0.0,733,-0.00012732565,0.0,0.0
734,0.0012295783925904023,0.0006110662057295295,0.0,734,-0.0005245764,0.0,0.0
735,0.0017526506958821697,0.0040902938887680505,0.0,735,-0.0004602645,0.0,0.0
736,0.0015495365212725334,0.0004849330028880193,0.0014285714285714286,736,0.0008494056,0.0,0.0
737,0.0008322376171728681,0.0009648806439834561,0.0,737,-0.00010886993,0.0,0.28717948717948716
738,0.0012230885817584726,0.0014383725584753131,0.00014285714285714287,738,-0.00023308319,-0.0013906193198636174,0.0
739,0.0018453985029735186,0.008033186399929665,0.00028571428571428574,739,0.00089067844,0.0,0.0
740,0.0018818838972153825,0.0016388719266359057,0.0,740,0.0007404821,0.0,0.0
741,0.0008844971611767585,0.0006897815850063522,0.0,741,0.00019067738,0.0,0.0
742,0.0016927814225744468,0.002991036343100806,0.00014285714285714287,742,-0.0001891304,0.0,0.0
743,0.0014245606283940782,0.0015904464210575076,0.0,743,-3.6546757e-05,0.0,0.020833333333333332
744,0.0004917704102800882,0.001292952547691038,0.0,744,-1.666384e-05,0.0,0.0
745,0.0011969320036618078,0.0006328605420399088,0.0,745,-0.00040159098,0.0,0.0
746,0.001778944302311017,0.009713663192442584,0.00028571428571428574,746,0.00080526975,0.0,0.0
747,0.0010579182159338185,0.0037650108583874653,0.0,747,0.00042564323,0.0,0.0
748,0.0008899448814382843,0.001131000509927659,0.0,748,-9.693307e-05,0.0,0.0
749,0.0007322663679537117,0.001092839932453566,0.0007142857142857144,749,-0.00039549547,0.0,0.0
750,0.001793117944854115,0.002622307966262808,0.0,750,-0.00074529834,0.0,0.0
751,0.0019929393647321303,0.008786280626822365,0.0,751,0.00049399777,0.0,0.0
752,0.0011242655414825191,0.0018193536722952274,0.0,752,4.328234e-05,0.0,0.0
753,0.001751336178551097,0.005830593169435745,0.0007142857142857144,753,-0.00039317616,0.0,0.0
754,0.0006636401459833404,6.616048436884487e-05,0.0,754,-0.0011858622,0.0,0.041916167664670656
755,0.0010343769347395731,0.0003274026187648779,0.00028571428571428574,755,-5.8070676e-05,0.0,0.0
756,0.0012362044168026665,0.0009082310024049755,0.0,756,-0.0004198197,0.0,0.0
757,0.0006903880298566873,0.0013640815856850296,0.0,757,-7.005921e-05,0.0,0.0
758,0.0013899917680556878,0.0016749525883652271,0.0008571428571428572,758,-5.372209e-05,0.0,0.0
759,0.001587612817943687,0.0025640500781444,0.0,759,-0.00077272893,0.0,0.0
760,0.0007313833676262367,0.002565370322030203,0.0,760,0.00021150529,0.0,0.0
761,0.002255647242503121,0.004616128571189548,0.0,761,-0.0003455736,0.0,0.0
762,0.0005551473527639595,0.00026477211785617976,0.0,762,-7.09228e-05,0.0,0.0
763,0.0011958321679318774,0.004072234925831395,0.0,763,0.00014489226,0.0,0.0
764,0.0006569616155877166,0.0019780986188234744,0.0,764,-0.00064551964,0.0,0.0
